status,relative_path,baseline_sha256,final_sha256,baseline_bytes,final_bytes
changed,.github/workflows/ci.yml,fce06d638822e58fcc637f8e784c1d37f6cacf11bc38e0469628f8d98484f324,f8912e7fbcd02e5c98ec146cb8ded9c150a8289b06d9c1172c5d97c2bfc914fd,3032,3531
changed,ALL_FILE_MANIFEST_0.7.11.json,8a46d1af9c76146324acc0557a5a129e3df380bee160e78d6b5e2f2a93215861,sealed by final repository or audit manifest,93216,sealed by final repository or audit manifest
changed,CHANGELOG.md,597d519caba43aeed63542c2a2d17a997a66ba71853c2bdb5ecfefdf1a80ffa9,7c115f6781a0804cf8137b621c139d0bfcb2847e255d64c485b62c70fc0be4c5,1090,2264
changed,DOCSTRING_AUDIT_0.7.11.json,f57db971aec207989637aaa0e5a7f6e7cd11400f4a5cbdc849645d17cd5f4cd0,788ff596aa2748714be2c429e3fafe967f4218f2854850cc27cee93789fb6fa9,24191,24908
changed,DOCSTRING_AUDIT_0.7.11.md,7f49e3d1d3652f420702f78f413d5987bb4c9c2db072a87c1c316775e6dc988f,1207b40f8df21336366e3b2e7e17535e0954e90b67f7ab74e238898f450d70c8,464,782
changed,LICENSE,ac2e979d38c247879e05243433cf891e77f87f71cb39bc24f6efe81ac3e38df3,cfc7749b96f63bd31c3c42b5c471bf756814053e847c10f3eb003417bc523d30,428,11358
changed,MANIFEST.in,4bc205fb3ab09b8aff387f0e1235e0a39ff18ffb378ae8fa183de2da7c64683c,2db383406acb81edd30181bae45b45bd7a3c746ef87527f4c08f09b869c42a83,1197,1204
changed,MANIFEST.sha256,2da9767f2bb5c30e353aedf8f62d77a3d4435a76534ece8c22940a8a310999ff,sealed by final repository or audit manifest,56102,sealed by final repository or audit manifest
changed,Makefile,b585d982da2553421ea04052fe55fc050daf87fd1d0033ae138b0361046e72d7,53d03daace37f390d8c9449241bbcaf0d6f7ec1c7345a3cecdee8f0013c61697,1544,2106
changed,README.md,cae63ef23a67fb184fd2c66f8f6dd54cf75d1dd0eaa7c2a4b5cd304c4a8b42af,7f3b7d40d9ebde12901a0454d1e4ed80b56f5b84dc745d7dfcaca13edfbea2c8,4032,4330
changed,docs/ARCHITECTURE_MAP.md,0ee14319cb33f5fa3a914b53703c8bc5de19b4869c17c35c490d37f9f4fbae9e,e1d18c002de6fb1cce1c482b12677b42a479b3fd180418d0c7de7c56107811cd,3586,3584
changed,docs/COMMAND_REFERENCE_0.7.11.json,1df25634770729c41c7df804f9af9b991c70fb2bbe4fa3650d33949c58c179f3,47a1e7ddb0b7415a9deca97869cafbaf4d21ef9ed7f8d86e3ba5492a9d8b4b6f,27934,1460899
changed,docs/COMMAND_REFERENCE_0.7.11.md,2ce27d17ff8261b9e25a5f15905813352ec68f8c2d28d4ebff4c991de47a68df,dd3484d75453425d5ac7d30895f8605da5c476ddd5ed28b234bb11732cb21360,571,555284
changed,docs/build-and-verification.md,398c7081166cb31dfd6c347e2b485166ca9dee37c927977dc90e5849b5b09479,d16101d9bf89a944618cbbfdf000ed1580bd69cadf0588c01d5bc1c353aee472,1064,1332
changed,project-audit/AUDIT_REMEDIATION_MANIFEST.sha256,a33df44e983cf4376cda80b5be9a4afa8b2a5eb694557d77a731e362d22fcb23,f02009ab86a10871210c7bb937ca34b4ac4af5aa39e091b4ef9ecfe5ba038cd5,8152,8152
changed,project-audit/files/_group_schemas_examples_corpus.md,3b447cc268b513fc3a3407936f40035659f9b3826f8ba4297aad2ec32b3507f5,82358bed830738d14558104ce8434cd5bd2000b29a03a4e6b65fffd71dee1596,3207,3206
changed,project-audit/files/scripts__validate-contracts.py.md,687468704a9a009538bed04f71e452a70d866db97b44b8d74111c1057a04f8a6,d24490ce2c74e7ea8d6f1cbd851973815581d56345159e963c13dd76eb2dca49,1315,1314
changed,project-audit/files/src__x86decomp__coff_archive.py.md,57c796a79b31da081ab2bfe4e52b1320da93e16396fe2136769c0e4176bc028a,3cb190b37c8b5755d91b36f01a283ac33b70ad7b4299f19d3ea1dde0cfa4eed1,1674,1673
changed,pyproject.toml,141e8829c0aaefbd084d7a60ead3f8a07e049682e80043e1b3f1b86c55d691cf,48bb7dd62cb0329dc0e7a56c730036f08d899ef1fd9e4a9bcf0f930d9813577b,1615,1840
changed,scripts/audit-docstrings.py,df78f50cc203c38cdfbee2cb41a802169b48b6e40f908a9bc0a4f73100f11394,4040d38639fb557d67b82998a6bef0e70c9d7b69588ebb6004fdf8a9ef964c73,6082,10156
changed,scripts/run-pytest-partitions.py,62226bfbb34caa2de44f5b01bc0884de0e3ef40e9be128fd30465b4786d48168,c75df0ae20a0bf2a0ff656892fa6fb10d9590fd59e6af5c68c0cabc502651cbc,6550,6714
changed,scripts/sync-release-contracts.py,fa8034096e4c5880ed8bab7649670b308221336a4e614fbbcec4832a6b4469a2,5589f0b0b5ac0c5ac3c0c8cb0e53e0a42ded6366929fb7be4cc44f1d60451502,4307,4369
changed,setup.cfg,1c473cbaee8da5fc46e7f0158794af5cea4414c34a3cf3f180c2001f5e38bd3e,46e71016ab6ef73574e7c30f0c04608dab8d580294800832cb2ad646c8ae6936,38,37
changed,src/x86decomp/abi.py,7c5a0ebff5110f309a0a59f824d4c28a92ab31f61302c98462abd65828ab5c74,216c5f2f6a843c6f74533d643605cab93fec52880b56ca9730e2ab4660d54fd6,10731,10744
changed,src/x86decomp/analysis_db.py,36a87be9e89f9217321653cc37203b5d434345ebb1167c230c16005a4887bc0f,7f4f961f4ccab04e13c81007aa5810388e255bd3efa95de8cd5d5d2682cd4a27,12482,12465
changed,src/x86decomp/artifacts.py,edacfe3d11869e434bdd7cb0ab806a4e7714c1181604eae619d2d0cc9f9f36e8,eaa0619e86caf05a772ae7200c7ffe14d54b02485391b25f88619c09daff33ba,4870,4886
changed,src/x86decomp/assembly/annotation.py,33bef1fe21622853401d9c0627a681991ce9538a72f80a55fa196de9ef71bd2c,f86f52b911b03721a9da9ed256528383654f8049e65045e1749f105f2375ce1a,4484,4515
changed,src/x86decomp/assembly/cli.py,235d6ca5e3b3c571be5bb91daf88f9fe51486cd61d6e49beaf755d39d81a29b6,f1a55c7abec3de9333cb2ad448aa083c603cae981fcbc66a93850ebbd2d4f7bc,10573,10589
changed,src/x86decomp/assembly/materialize.py,9bc92a196061639033be25ab08b6f5e5e67159077b45ffca041675d0fcd236ef,25a016fa0b1915e7ab3e68667f2c64231d430ad69832297382754cea057b0f1c,23761,23919
changed,src/x86decomp/assembly/pipeline.py,694633c9f52dc8593f076f13862b5a27b4fae59c7763a85c6d81421165f2f91b,845acb7ecd99df1fb58a84df76fb26857ba09c4f5e6bafad369bd890cd3fc154,16536,16665
changed,src/x86decomp/assembly/relocations.py,ebfa6cd49ad1b8052c13c747bc69f333aed8d88da120064b4f81a95a6da76acb,84921e77f5a0ab59c4c76b5061d77926636c7f2a1851b1f477abb2e36a86fd34,15689,15749
changed,src/x86decomp/assembly/store.py,4b6c3cd2c08fd5283cdf5c2c32c57e884b3aa3fe2c4c062f2ee3c21b044ee2b9,8adeb1423b2e0c807917f7562fd45c55ced1d6b1f8a802294dcdd205992c6c16,4859,4851
changed,src/x86decomp/benchmarks.py,9e76928e21935b743ac2360a0551ad7fc7152b2b2c3247651814913898aae8ca,396fc44141a8c3e230d5d0140f7de568179446e1ff2b0d1f1f08cccfda155a9b,7398,7420
changed,src/x86decomp/cli.py,12b849e573b008c7a615a679b4f119f714ff037847afb86b4ca442a767ba68ea,19e6ded80c08032e900ea420274bd610cb2bca256f3229d48a2a8f623b3b7004,55097,55281
changed,src/x86decomp/coff.py,5e1480cffb3533a06665c30a9b7483dd7b3d886f9c0ca3f0ea725b54512c7f24,a016bb2d34d85cd134f761674bf6e398c4f7d6d2dca1c49a71d6b12a8c357bcb,50729,51150
changed,src/x86decomp/compiler.py,308dd1aa876aa7a5dfea0d5760e7065cc73e71fa7a3abd2a991462a6972b06ba,20515d33e6c5e53cdeecacd27ce6556b7f8704a78dafc924888a84e989d5bd38,9773,9808
changed,src/x86decomp/compiler_lab.py,335a95bb45c4beb4b8c2e49fde9e801c3697ddee6265321fcdd727fab3efe202,d7af86c22450d845090b49c53c7e415d30ac388684ad6b46a3a9900fd1878029,5900,5933
changed,src/x86decomp/content_store.py,39e7c21f79772fcccfdd02a46913ce50825b8770ffe1cda5dab743ae820d03e9,aead9e16737c23da18e4c379f5ecbea7afa420aeb7d47940130331b0970321df,15392,15371
changed,src/x86decomp/convergence.py,3c147aa3dd24d9f3290b1c275031c0209ac915c877e3291b4d1cef3ef4f9321e,cf8193925c1325c3e3158ea8f4883d40ce3df113a4d755f797b65d72ee5a9e37,7462,7491
changed,src/x86decomp/cpp_recovery.py,b0802ab4d397c31942d31760a5e09f5dd1da776b17dd015b3b0a76cc5b4bb7e6,95b7b494434d17e9d165eefa89399e4feb3c5740fe68808b61001d014fe969db,8079,8124
changed,src/x86decomp/disassembly.py,6ac452060750555a6808e2bb2a30577e519fc3d14ea4e75f92c3f2e4220fdf80,347044ce894e23eef72abe893005aa48904e968ea40d6354ad52c5a57d26cd8c,11481,11600
changed,src/x86decomp/evidence.py,c6f1a52e9389eb7c15ad7d633ec8682a67b117d3b3c6fab0a661ef084e7a68ac,c09f870993b42d07b8ec9aed95214455efdc8d22261b68c88d4a3b4275397dc7,10870,10929
changed,src/x86decomp/exe_diff.py,ef43b2127bddf1831a5aa7fade0abcabd5b4dac3b99f92a84a5381c55e0c0bc8,7235903592a6f42e085f9f8a3b60596a3353d1288810ac2c440f5ac1fce51bde,8073,8166
changed,src/x86decomp/governance/campaigns.py,90a826ba286adc54ed7e3441b0496449be13a93646059aa16dbfaa39873f85b3,c0892049d73bb2a02b3a69390220b3fa3ea7061c81ab666c6410cdd426f8eeec,18880,18862
changed,src/x86decomp/governance/candidates.py,2b624b7763a865419696e09db6e31f1aeb90ffe199e69fbfe1d18e5c39b3426d,37c25f9321f03d377936b9c2ea8d6b23b8ebb1d513b41013ee9ce6d1aa276fdc,15444,15426
changed,src/x86decomp/governance/changesets.py,0e77e6dd57ceba75e956978b856be378e95a5705bc04185a22f47a38fc7cc269,734410fcc381c0b18031db495516145d29658452149c83892308290c960edc77,6149,6100
changed,src/x86decomp/governance/cli.py,c60bde3724514111ea08dbd1bedca164ea53eb7c92dbb06d2675be191b857fb9,260f94f1f71394f6b95226d8b28e2a0784253e5e3ed9454c5715f2c14f256d7c,18668,18638
changed,src/x86decomp/governance/consensus.py,26bac1f62bf88a107e8fe46fe45ed2b43c3d26332973f5f41dff76b8fd9edb71,377752de2e30067ec10154c76bb2e19d4dca3125ccc806fdb351ad7d5c1bb5a1,7607,7593
changed,src/x86decomp/governance/counterexamples.py,cb2a6aa83c91f65021f0072f03ee700db73c9039d7f232fa1b93b0a9393e4598,843e3ed52460a973b71731bcb1ed5eb9ad4999221621aa2c578490f55559fcf9,7320,7291
changed,src/x86decomp/governance/family.py,b3f1c7659e7b18c52a5d84fa1c1d5aebeb33df451e1a3b41630c133670c7e62d,463fe087d97c36db8383c5b8db43d763854faa8c2e086776cb404e44470de0d4,7285,7489
changed,src/x86decomp/governance/hypotheses.py,480bc2da1fae71755f296a6bf062227ef11c5e1649d8cdc5d989bc60dafd859e,d474340c6c9c2b90fe3d03576feebb08fc281001c9cfd328703593f91a7c6557,18968,18952
changed,src/x86decomp/governance/knowledge_graph.py,f3650b738f42a860011c51c2e24bfd31ac4d59e72643518cd65c7d975eb09e58,bdaef041bab9acef1f223a965eb9cb0c43f4f8a26a3fd23bbb892b5ee9bcacce,5822,5871
changed,src/x86decomp/governance/plugins.py,d23296f1a34d8e936e7d0193c782fc0ac63e76fb82196651f5f22f45a0a8dedd,e13bb3f0bfb8b72e286d600e3773e341e4fcd5ebba02b74b6b8cf0cc0d60a86f,7309,7289
changed,src/x86decomp/governance/proofs.py,fd94011a7c6e13042424cf7465b90da65aedd221130e4059062b38cf0b14b5ed,35b5c2d8af2e74ed8409a3efadfcd525cf1175c879df0238ed283f3f34c3c6fc,11198,11268
changed,src/x86decomp/governance/reviews.py,5415ea375c3491a438d4f9a4413433810bb20e64238e61f1ecb76250b2f845fd,4700299018670de5f44df2d01dbd8145de0820e9b92e5ddf3c89cd4672df349a,6514,6477
changed,src/x86decomp/governance/store.py,4c8278f539d11dbcccd286e00eeb3f64b629972476cfc24cf476e6eaf0079266,bde477a806d87fa864a732268a22aeab1939b494096fcc0839994a3601330cdb,16861,16860
changed,src/x86decomp/governance/workers.py,7b610e1c2a66841ee8922a3e8d0c899c36d143a7cc204f8b50b670e99ffec3d6,dcf5db7a52422f66ddeb657a83b1b8c43b0a4ea5b6b4666472a8f3b1495349d4,4724,4675
changed,src/x86decomp/ground_truth.py,d7d149b53d39807ed090c2de0e2bffd58a9b53c758b114eca3b8678798052985,a75d53655de3da08956d73647b2d2cd9e9c360c7c7a4f59429e4aa0e83b4b873,17075,17286
changed,src/x86decomp/harness_generator.py,8b2651a7e986342fe91ca248d9b5514df815e7a4ee7f49c86044fdebc5c45494,af602f9120a38a8dd33ced7b7243a6140b01813eb0402b4abd35ee3aa789b3c4,7077,7104
changed,src/x86decomp/hybrid.py,99ad0b3c0351e87549316d81d374c6b5dadb37f3e12255be60aca4814bb575ac,82f09030766be3ec3f33b28d73147eb9ae7d520892f54db970bfa49fbc08333f,9724,9749
changed,src/x86decomp/integration.py,33621f6757eda6220f03a028d22703a47e5589d658e20980c2f5662bf952e811,341737bc244f29b4b9cefee52e3673f4acbb2449ffcf63eaeacfb91c440ad064,20093,20219
changed,src/x86decomp/linker_layout.py,a7d4d99c9fd7f5cf4f09950056b8a13f7f90ed38347719aece959ec57ae2305d,6d8a08a774faf24db0bf97f10125bcaaaa2f3aa1a40ad33cf72b5b26d6a1179b,14680,14702
changed,src/x86decomp/local_llm/matching.py,f8ded8441592fbbc8705df6c0b8c087b58ff30edc437782d371c24ce7132a5f6,84919a18e15c0b56694b9ea5f663ff7e4fafe893ca98ddf75a867d1d3aefe1fd,19052,19113
changed,src/x86decomp/local_llm/profiles.py,0176b050ddbaf2170f28199f8a7a8542a8d3375fa6073243f66802a0cf80b480,9a3532c23ccbdf7dd39e8d50cf2b34a4a431c195dbae655906a159d41652d40e,9992,10027
changed,src/x86decomp/local_llm/prompts.py,9db3c8ccb2420c9056b866fbe06ef683bff83faf8b0ff2528345a5ea84a6e38e,6862f6e0b1afbcf70b73cd23ced0b4294f304c98e9d15fd6185d874569d487d7,9567,9672
changed,src/x86decomp/mcp.py,4a2239c91b1dec43b6b8f9424f5341b7d56985e07519024549546f06f98c2bdb,5ecd798a74e937215de1e0f90f1b6376bfc13114bef46d4492216bc91f9bacd8,19730,19721
changed,src/x86decomp/memory.py,8d19435291369e6457da20c46aedaae2b4d0919ca5a5810303cf8d9036d39e38,46ab195d522c01a03ac99da43df51b9f25156bc4d0d214de0dab7fe077648732,5827,5883
changed,src/x86decomp/msvc_metadata.py,21e654008710b04a59a63963ccef0d736d942823abd9c85c514a057aa68ed010,a8b64c870ddbf5dccb12e329270fb7474c67d1ef19efc05afa75f785631c48e4,43019,43043
changed,src/x86decomp/native/closed_loop.py,779685184d2a696753c90627078575b3a1f9b8ecdc9a5d520a28eccbb9744d36,63edf42801be3127722ece762676dda57205a66d1cf8d8e3419150a7b3f5ea11,3673,3664
changed,src/x86decomp/native/hybrid_composer.py,9c2c0846ae12320ee8e636b9e4354c9d61bda4fae731027582578de1b1baa85f,119c1c550bc3f2c1b4d05338bea2ae0686b4e9022ba1681b705fcc30d9cac0d3,4696,4721
changed,src/x86decomp/native/matching.py,fada98a90d0cdebc0e68c89511b46149d98807943863bd6e334af7be85ebb9e0,1f5dda4f93a076fb2eb6136f173704b285c5fd490f4e0229f29d1047e499af68,8814,8937
changed,src/x86decomp/native/pe_reconstruction.py,90707b6beee3e9ab416ee848b78885fb592f27f454de19429b1f6bb7f3637252,4c81a1c1261154a062fd7cd34e29ca2c18f0fceaa50e5e948d38c37db29ca020,9782,9828
changed,src/x86decomp/native/runtime.py,210145982c2a21253b47ca06ad8882c3704325c49fa694a69bfa68bfc1887407,1a116efe26b63f20934a71c100f9412d3547a680298225dfec51d6b79c9bccaf,7179,7164
changed,src/x86decomp/native/slots.py,f7a9ca756c6d7db0513cee4bfab7adaedf7bbeca77987422ca192854aa5949cf,8b35cead8ae2c656fcf352f1a9baac9a44ad23c09a1493bc05d23687cc84af96,8582,8624
changed,src/x86decomp/native/staging.py,ae21143ee6a45cf524897ce32db40a694dd1afe7b06ef125c023de955bbd1f23,5ae121542b381e11c1bbad9c43663fad16da5b2ed06b9e6b9ccc39f082841d78,5111,5147
changed,src/x86decomp/native/store.py,88028dd1a13e9dc97af9254c3174b5fc45e2460cf3120b54000ab2a94dad3b8d,ddeccf6ef3a23294d60ea433f63167e9d0cc58abd1ee2f73efca19cd0b330ced,6518,6521
changed,src/x86decomp/native/windows_tools.py,78ca3ecf13840c8d7626e17719d4c34d3703375127976e503a2dd973c585e2ef,e6db9ad859f4bf376a793d8d8f2d5dc1f1e675f7f84a80afffa8868984493468,4100,4168
changed,src/x86decomp/orchestrator.py,3c2cc2f693366d4201e4eaf34b0b6be2736bb1a7bb2635d8dd76771292229f73,98aa89769e42ad4195fee2db26418b31cfe45202f6883cd8ab9b2227dab39a09,42447,42434
changed,src/x86decomp/patching.py,d9fd9ef8f709e0cd8b7c9602a8315b13abc9d9c88da6e10aff960f5063c3f2b1,b36c51a681676a288269e14d526764777a5bf7ae0882b252eeaf51f008dcea3f,4162,4203
changed,src/x86decomp/pdb.py,7f63eb4a225f26e469101a80227fc85d0cfafeda23c9ee6db9dac401de8a765d,b859dfe625c92ef59b201899a81ce6edf1ae0bc223bb1607137f3d83e587ec1e,25590,25658
changed,src/x86decomp/project.py,1fb1ff3491a991fa3d37b8a3f979244ab469560f14c710771f0f60c09f0ad815,2949bfe45ad54c6362caaad3288e8bbce6261902431cfcdf50906d70862da37d,8747,8765
changed,src/x86decomp/project_state.py,75d110ea45d0a708e2f8d87c07a96f2c593ea70491590c2f28e22ac6c405fa89,53e3610b62be1afd58e1a1113d052349b4bb5a66874f0d20121a6e24313db1f9,24176,24804
changed,src/x86decomp/project_template.py,973cad988eb1648ed6fe3de38eb57b392bc88f6ce878cac223d2e68d57597de4,48b63fe862d7b0114ea6643d8cba69020e6db5103d8cb5758ccf2c4105b94551,8743,8767
changed,src/x86decomp/reconstruction/abi_contracts.py,9a8e4ff2d7065219bcb06e65e0d075d3d0acdda4774bd97f2789b1f209eb2e3d,6f44667bff1b9d80d5ba6aa11ca5bb4389598488d1d7ac12e8e85685919422b2,5436,5465
changed,src/x86decomp/reconstruction/builds.py,5b0315844bcb2223d9b5b9124288a000700fc3bb8cd2f72fc11b29dc8fb05bf0,5003b6ba2254395d78f2c411086fb41ed9803884e0370ae1a3ccbc383e449621,14024,14004
changed,src/x86decomp/reconstruction/capsules.py,7c3d47dd5a6c1eff6597eeaaeb0fffaea295d82121cfe6c3e453b9389b4d98ec,20ac45d331e66dcd7b5a58c8d80b1c236c7410c0f6ff68b03d089a21ae062cf5,4668,4678
changed,src/x86decomp/reconstruction/cli.py,0b591c69d07287206a84bc9ca1d8ddca3dc69461dff67ad3d6436b1454eff731,9bf306fcd8139edb0c137c41f431ed696578870c1691c57198f546a41b81352d,45198,45167
changed,src/x86decomp/reconstruction/generated_tests.py,795acf06507747ba98e4e142daa8a8e424cdc860499aacdfa7b271c5205f304b,d2771e9e75633aa1da2704b0beda1b7d4c10e9c277d6d36438abfd52355ffd27,7430,7412
changed,src/x86decomp/reconstruction/headers.py,fe3f3538ed3b9d7f171e2558a555f6d9d6d27ceaf096702aaf56644913c16da7,b53cd0f96add8dfa42a0addd58dda40088ca6250cc835e79dbf35baeab805b73,9710,9691
changed,src/x86decomp/reconstruction/libraries.py,0c21325da661f96b4bb5a08b06cac41730d76908068145627c29506c1f963303,966fdb6138b3825d3efbf9154a89a651a6327b9118445ce8e051093622eaa5e7,2860,2896
changed,src/x86decomp/reconstruction/project_layout.py,326422cac484c8476e5f800a19881f92b3f01ca85a7ace224908aa7cd96025ec,ae5801bdc77abfb20784813bc549c804c948ba9dfde8f3cfa87434c924c9faba,8797,8810
changed,src/x86decomp/reconstruction/provenance.py,e181ec7f29d9d4027c4bde38199eaef5ff1038a3a1b66e8fdf3d33b06eafcecb,d1d3d473a5728b4621bccc520f3bb75882df6e70c3e939b7639cdfb7da9d0e08,10783,10767
changed,src/x86decomp/reconstruction/security.py,e992f37703bd3473f8c0e24bdce1d8f463e63178a51a9745661822b57740effa,d92a73c52a1e6b41b23b2723d0aaa606c04a9f3eb1239cc74c1007a5f8884649,5836,5818
changed,src/x86decomp/reconstruction/semantic_changesets.py,ba07f504ab81b29de08c189e51344c029f05b0353de58176e3d99a1e9c4438c3,0dde1811e16e9eb19d597a0d9541aece4db93cd84d33ac400df47f2d48cc6d38,5611,5682
changed,src/x86decomp/reconstruction/store.py,847c7131a08623fa7087c4c2d90289f03851e678e94196514cd2700716983282,04faa2e746d2e78ed8607385f36e3fd4f7135f6597d025da9bbd89b3cbcab291,10642,10625
changed,src/x86decomp/release_gate.py,e3d9af5cac0995c85f39a56e83c118f265ac6169b6d5da7f426be9abebe0e752,85c874f601c2271608e664eb80e7b604c76a5313eb1b8a0df8ab6ff9f7f98803,8060,8128
changed,src/x86decomp/reproducibility.py,8eec090ae6a42ab54b9219b7b1cff4f52c84b38ef69db9ce8e767cc44db0eda3,e7e8309e3f517a1027975a0562e1a8e453a35f7aae72de3a1a1a3db59ccc64c9,6518,6567
changed,src/x86decomp/security_audit.py,472e5d81ccdbf8b9f8bc72360cbdf54763739a5d84624bc54588f8d8c5600cb9,4d352a6a4a7d03a3442f695c220298341a1e6754f72a820271c73d78c293c79b,9912,10335
changed,src/x86decomp/synthetic_corpus.py,0f2dcfe167b0a0a0db7d9329e56d823aa57698c3aaa7ddb9d01546e3a98d5e5b,dea6bed62f6f96831230065ccd923ac4c4bac26e1904708652c17c2f8ec40b2d,13599,13864
changed,src/x86decomp/target_pack.py,1806af1d251315c8c365699075a64fc5c0eecf8f42f344099b2d8d7501a00c53,f663357e33b42bb5976977ab9c7da8720932c5bbd5ca23dfd32aeab8a8775630,18990,19042
changed,src/x86decomp/test_bundle.py,1e50d9e3e3792a8ef03cfddfb4726b4dc75bb41e5943352ebe1e69bfda181dc0,f48b81ae52664c346e68651adc1e7881f3ec709fa6098fd3fa8af94a86432927,18919,19042
changed,src/x86decomp/work_queue.py,0ade7bd5c5e805759621db3d05ae4e2742e15ab80a0dece25fc784ba240e1e72,591798c7410cb64eb70b4e184d173f56db68a21f67833498e9352a629c853ca6,5819,5844
changed,src/x86decomp/worker.py,e837068afc280c21ee17a1a1eeb1b996f9e067c28282fb0389259f76a570f7f5,5cc71821cd98d028cb7c092cd2dbf8512c5d01785e6bfe7a59aaefe2baa3923d,14167,14255
changed,test-suite/LICENSE,469b8fd4bf8c3ead57817703e5a8ea98c7759304f0da851b57810e410decffc5,cfc7749b96f63bd31c3c42b5c471bf756814053e847c10f3eb003417bc523d30,587,11358
changed,test-suite/MANIFEST.in,576d360c349d1ac066a139b866a474d5bfcfc8be7db53b924a3cd671d7ae6778,1580bb136a9e46a79ab2352f8a5e84517d11e82b05ea8f7565b45718822c3a3a,599,606
changed,test-suite/MANIFEST.sha256,a5412342d918ef584dcb917adcc5a935c231c373ce86d308d20efa727f790fab,sealed by final repository or audit manifest,6255,sealed by final repository or audit manifest
changed,test-suite/docs/ARCHITECTURE_MAP.md,80a50857c0d0d0da0f36a55b9f6f890dfc48d5207fe1d5d8401f46e2a15741d5,46385a0c8ace1e54631acd531563080b92d9d0702db48578883810903ff7d4bc,1958,1956
changed,test-suite/docs/TEST_PLAN.md,b82f03c618fc8c5ebd520a99612ffce2ea1bb35fbb7689673b47c63c1b4ef99f,7936bc899c79ce7bdac28484136e79c84540f4b62f0951bd4bab468e6b064844,1288,1288
changed,test-suite/setup.cfg,1c473cbaee8da5fc46e7f0158794af5cea4414c34a3cf3f180c2001f5e38bd3e,46e71016ab6ef73574e7c30f0c04608dab8d580294800832cb2ad646c8ae6936,38,37
changed,test-suite/src/x86decomp_testkit/__main__.py,8049ea31e024fbdc10e22c425b395576481d340e58811ab6fdf39530896ffc98,69509f9ae1e436d642ef874d1729302be7e4a27c1e5db921d2b41e6531a095bf,147,116
changed,test-suite/src/x86decomp_testkit/adapters/__init__.py,1ddce6290f1b4d3745c163a2473f72888548faf2af70e04f498a11882989df21,ae039d54ba2a74eccf584901cbdc12d6e3f17c7b18aa8206b62bd14e7f96d1ff,514,483
changed,test-suite/src/x86decomp_testkit/adapters/capabilities.py,46260eb74c46f255182fadf73340d85557d7c786f629bf6be3306431b2d4d1b3,3b127002d21b699e7db0a85d48b9832dbb1be3f5ea8259704e4fae2e00014bf8,5650,5728
changed,test-suite/src/x86decomp_testkit/adapters/catalog.py,3dd055cfb00c7853fd5f7f9209cd36f4b17e850eac0dbd8d7891829969db6f72,ac3de0da2d3e0295c3980ad3efea10a81ab3a1284951c79d43d1461057707eaf,14660,14652
changed,test-suite/src/x86decomp_testkit/adapters/download.py,3f8bf51211c07cb30bbc7eb1df12fede980bacdc2379a11bab155582bf84671d,9334b3ac3fe8dbb7c8dc83b10930d68dd177c69c4857d8e9af69d296522180b4,6289,6417
changed,test-suite/src/x86decomp_testkit/adapters/installation.py,e37f333a1d3f6c31ff46043cf4afd37fcb7f498d011526ebc6366fbc3d469836,efba65eae3df2cba281fb032f3bcb499b175305a869cf75dc899c94ef83ecf01,18255,18219
changed,test-suite/src/x86decomp_testkit/cli.py,b786da8962b15c83b1c84efa4daa83a4eac62fd49369b240956db46c8fd36c89,e90114c455fe8088ce9ff63bcd439ad2ae86b83898e6127325d25c0dd67f4530,6263,6259
changed,test-suite/src/x86decomp_testkit/config.py,89da2f134e851e4c23f58842500ad795c2b728444d9f3237dd5557e2efec2bd2,220d0f28ad15580a83866a897c1dfdac9addd382a6fcd017b430e76873627e2c,4444,4417
changed,test-suite/src/x86decomp_testkit/coverage_audit.py,9d9e482f50fd97d31a0d554687727cbc4388be09d3c43989dbb5d6a9e1fa3d49,a348ae645dcc3d60b37ded977249b2a4f8008fd933c4b5c45c6149e321080d9d,3806,3779
changed,test-suite/src/x86decomp_testkit/data/feature_catalog.json,8b12c1c8ca690e8fbed68af99d92304d0c2c1298442434403e766c5660bff2c7,0dfa7bd2e746bb327f520689f04a583979a740c4e7f3751ce24ae00a338c30a8,104504,104608
changed,test-suite/src/x86decomp_testkit/fixtures.py,81d8fbe31a4754053ad7160772253d3a133ce9935d0bde3eb3c1e8810f058815,a35e15e1d3e24e63c7be1f9c1aebfe00d3298e6e8ad3cd3d31c2faae192b8373,5694,5667
changed,test-suite/src/x86decomp_testkit/inventory.py,88623c4fb82e7ff06e9ea219f9c20a2bf1944bd983a784cf2144a68ca1ee5e4d,1cdd4d485ccd739ea6a053aab5bbb38a141101e9d76fafd3177369b4d56626ad,11628,11601
changed,test-suite/src/x86decomp_testkit/live_adapters.py,13c8d54fcba7e5998ff4c1173744fcc265852ff99e70f15befc549f253fa1f4b,3df6bf6a604215cfb28b37dad246d1d7d981b87eb916f2a402ae947b14e00bda,12521,12878
changed,test-suite/src/x86decomp_testkit/logging_utils.py,006d609f75cf7f56313a628e79e7d5de9ea938b338230b5de168cacc4f908cf3,80c94de9dc0ee5c59d522dc4f3778728a5d666923744930ce1b8e904ac28ae7e,3319,3275
changed,test-suite/src/x86decomp_testkit/models.py,7e7165144706bae0c882c704eec1a727da6ffbc213825b2a2c4bd475007ee481,6f4e2209224fb8385cd63970358f4a1c4236a4807c17ac0167fd6a2342bfd59e,4650,4673
changed,test-suite/src/x86decomp_testkit/orchestrator.py,5faea35289fbdb17b80c9df0b31079d42608c1e6e2a15176b8835904369bdc7e,be83341d470dd22622ba91fc069fab9a3425435aa978e0360de1ccccf416ca7b,4750,4816
changed,test-suite/src/x86decomp_testkit/process.py,f39e5e1eeda9b0edea8fad4a56dfee816e90f7b29f6696000819a651cced3ea2,b27cf20cc9d6dfb6f5bba75d3cb282fa4603344ee467535e286f97cccd941715,3608,3617
changed,test-suite/src/x86decomp_testkit/reports.py,f1796aa89169b2077716f344265c9b0ff4dd29c85272a264a55f7a83b2af4d7d,5ba7a895dc5211f13c4569e7a01aaa449de2659c7e2c398b49bb2bbbf44cc8d4,6932,6927
changed,test-suite/src/x86decomp_testkit/self_tests/__init__.py,2fdabb54d9fb50db6ec807fffbfad75f6fb167b169a02c667b49d9097540e3a0,74ad53a17f0b72ba76adb0a6fcca629386e3f4fbf73a79b4b662a0789a9ba76f,101,68
changed,test-suite/src/x86decomp_testkit/self_tests/test_adapter_capabilities.py,aef940d89f5de3c9395b64b0d0f2b5af1c50ee923f8f81ccd3fa44d86ceca4cc,2c0d1a5b37e4afecdc4375155330bf288eaa9d75205905f61fcff8cab495d5e6,3662,3733
changed,test-suite/src/x86decomp_testkit/self_tests/test_adapter_detection_resolution.py,0bbc8b61e7b6265c5388ece028a6306a8f0aa9df7fbf8f5253e135e9618c0000,0d2d77abb562ecb8cdec6215d21df247e112e1dcd381a866ea981ddd4383b8ae,5144,5203
changed,test-suite/src/x86decomp_testkit/self_tests/test_archive_security.py,c9a85a238d72824ef8e346e340dc2607f0ce75d17c102e8d1fb5812973e6c60a,457b57a8ce2f97c1e6c6f1dda7c4e591a609b9de3f408e8a4cb51362e9acf196,2869,2831
changed,test-suite/src/x86decomp_testkit/self_tests/test_cli_and_installation.py,d0e12b263bb5c3653605a8dcc49f08622ead6b67ed2f04a3864c3cfdca11a169,56ee327d6c251adadcf72578358cbd6df56d412f290e0a6830fc249b9e142977,2062,2024
changed,test-suite/src/x86decomp_testkit/self_tests/test_config_models.py,f9e1bf8dc24dcb6262fa774d149f5ab28b7214146a6b86e2cfc544efe32f3f3e,8f6fe2883cfb59c3b2f042e93eafccd3ae973ed01842c628914b5f4ed55d20cb,2442,2415
changed,test-suite/src/x86decomp_testkit/self_tests/test_inventory_reports_process.py,f8186d271848a6e4b44352ce1a858ee10cc1aaccd75c818c3ab7ad4ba5e3c13d,e2834e1d3cdda818455638a487c74ca8ee8e1bf0933807ade5d5b927c7ec4f6f,6073,6044
changed,test-suite/src/x86decomp_testkit/suites.py,cc67eed42b7882a1ca0155a880fab4576d6a7254d040e3ecec3993359c6f68b5,86baf84097bd7c01a991a99a5ba012cd3c36be498c0a167b1618d7f557936818,26593,26566
changed,test-suite/src/x86decomp_testkit/timeutil.py,6df8b1ab942b3c5544c0b6130be135cc4cee196c603a2c0a58c561735e609a72,d3502365bb40219ac199643a55c14c6073811e9786ac23f8f987475b453fbab2,336,348
changed,test-suite/src/x86decomp_testkit/toolkit_tests/__init__.py,59233872c30dd4805dd978aca63924506145697eab953e5e5d741c6cd17bd96c,74ad53a17f0b72ba76adb0a6fcca629386e3f4fbf73a79b4b662a0789a9ba76f,104,68
changed,test-suite/src/x86decomp_testkit/toolkit_tests/test_public_api_contract.py,8d7ad6faad3c72d2c25f65b5e0ff3e110934a0b1b67a8a640556e270d4848c93,7db7e67addf8f59ac8ff7fab85acec80bd665e3184e04565007de52eeb228dc2,27667,27716
changed,test-suite/tests/test_adapter_capabilities.py,47dde51aa511486350597ec6a786e4be9ed9bc229b02e9cd8d12baff0874f133,c83b7bbdd7f41ce7b94efe691d941045e5c62b46fed589bcb7290fb0b457a505,4413,4377
changed,test-suite/tests/test_adapter_detection_resolution.py,7bd6c6fd94d35d1d0773bc1afd6d8b54e63cc8cafbfad512bed398b8f267cd1e,4af02dfea743983ec56828dcbc5d415dcaba82f2b509d8e261d9b1ad851c8fe6,6070,6026
changed,test-suite/tests/test_architecture_maps.py,038c3d80e169d6e6a44f57bb71c5ff92dcd09f63a2e3b556c01e35238c88515b,720524f375e69708571edb6ca1146bf6aaf1ace8cad7afd47372cd03d43290df,4769,4745
changed,test-suite/tests/test_archive_security.py,14bc490ccfb85d8128b72f44afd3e949fed6c9c74b13dd9fff64ed2edcb80a65,f0cd9bb6b91c07f07935be04db88f51014a03acabefc0cf304e932bb683d84a6,3302,3286
changed,test-suite/tests/test_cli_and_installation.py,fd636ec4313e3bb50c3d38d6a32c4e6a6d64866ba87064cd37d4f6e92b5c06ba,c3351a53680615be1e7d4e1d035fd8e46c6d9bf96384e4ebe858ce204a230858,2537,2513
changed,test-suite/tests/test_config_models.py,2a0ea2ddce38b40acc27cad53bd77822186b8e70ebaee405796b758f683d2ed3,57384df0d9c8577e6985eeed26c45d78437b689029cb1155ef9c6fd6795c6ecb,2793,2777
changed,test-suite/tests/test_inventory_reports_process.py,4cc4d734640af3ef4816a0d5150d6152b8514f2ae80e4e0257aab9c74abbd3d6,72ef78aa1f22f9813e08b1cc780d3d80386477a1d17c7af6ba0a63fac3f6dbaf,6594,6574
changed,tests/assembly/test_pipeline_cli_schemas.py,7e3b3f40f5a85f6a5c3591eb375fa5a045a24f5de688e143fcaf55fe13ea39e8,c60d8999b4e895c084212a7a5ef0e63503ee009aa897c510e0772c755feae45e,9179,9234
changed,tests/governance/test_governance_cli_schemas.py,cc3bf372d33b03ab7efdf043ec2bc7c5328bc623bcdab6b4223d18076161e424,857787a834629ac6a65908f06d2f055a25e70b6da0b91f66495647a50d35fe4d,3006,3028
changed,tests/governance/test_proof_plugin_worker.py,ff87b93f8e19d1df3cab931fba11d4c4a914ed39ae0fac0bbc9b77cd410a70b6,6b8fc14376f47bf275126470ff653e8aaf673f6fc5b57a7ca55834fe1cf9942d,5059,5072
changed,tests/native/test_cli_schemas.py,8fa4ea61f2f343b6cc2be8e11f75cf5cb2a4e1aec45a65877cb346aabaf12088,d18077c4d1e3ebcc7a4874407a73a06d6fba499cb74ce0cd7d89cd18bb6f3885,2666,2708
changed,tests/native/test_pe_hybrid.py,9cc67751b07555ce543712122eff1abb9c9f687fe944b20cc3e8e49040ecfa9d,a81b936061e5339e321c85a75636593f38516760e36bb01fcb812ed56df93018,3651,3690
changed,tests/reconstruction/test_cli_schemas_retention.py,9608ba2363ab2e6ffe04f93add48fb747faa6cd197afad40fa20f350dbc0cb87,1a603a051441cd6b1d6cec032421738e0afa4aacd00d9de5a0ed4f376dc91d02,3934,3970
changed,tests/reconstruction/test_decomp_acceleration.py,2071a12ba3aae4739ec1cb64df4755b005411d5872103dd9fdf809745e706429,e209f235b8806ca745f0101a2bbb913cdd0fe6d15d20514a15cf5b0c8d67e7ca,3693,3729
changed,tests/reconstruction/test_real_project_acceleration.py,1bbe5f864faaca1df9c4503aff61db7be0511376152fca5fb0cc978431478559,bac9286b994d72730b89bd3e72e922aaf8b995bec89d837e2311b89d1e9f1d6f,5770,5807
changed,tests/test_artifacts.py,0fbdc16531b6bedb1d66433b2b7ede06380eb4c6161b89bdf77eaa18f0e1da85,7f7edcedf34e850974f8308c3060de67b3f0211008ba423d3d2c43151c6fc5f7,2301,2308
changed,tests/test_compiler.py,e68de06c0c112667d0f8b880318fef9c7423ec9a06f4192fefd9a90f5e2490ee,aaf8399cc2f4a86d6d96545cbcde509cb58ad883f8c59c4b11dfd755d222ef19,1033,1040
changed,tests/test_evidence.py,e9ee9b21a1f4fe7838a91f2a5cca7573f862e9b7f3d52d980b423d93101db782,e04c127b14f075fed2810b65c018cb3983e220028b49c39e5c50330a3f7466ca,3063,3070
changed,tests/test_ghidra.py,0f6ea9e4585a8d61ae0cb4a242e76e2b8005487190e428128230ae1cec0b0a9d,cbba0e5399843226fd2eeb42a80befda46c517b07c07cd23761bb3526968ab6d,1735,1741
changed,tests/test_integration.py,d67c4f725f8da2a5742c17a5ab1cc6d5395513e71eab1e382f9ff9479dbc6f6b,40c3c538bceaf516fecc69378981a9dd77733c0b56079e514133181317b8c450,3219,3256
changed,tests/test_linker_metadata_corpus.py,8c237338c46b327c1403883699838beb056aa93dd7a0ffc5618f08fd4d44b460,1be3d4a4d56607adb3e7fec6a671d22f07af426579765d11b4929c606c3ddf8c,14305,14335
changed,tests/test_local_llm.py,b9b5f2bae18879a5f3d20ab4ed2e2ec5827aaa35019db764d9d39b2e287d3eaf,5e009f315d85dfaeb79430fb2741d2ca1bf4907524aa4d0fce1bbff8ab773011,14111,14357
changed,tests/test_mcp.py,0ce5504a8eccac6c351e21a9e5c8ba0c7be4da8470faa4a467087d471cb37022,d621ce1566f23b36d7c1ef9f3640b452d360300aef00adaaad6f4d47daca3cc2,2344,2378
changed,tests/test_pe32.py,a7143ac83ca830692d133e1dc203679d81de3cfa1afb621ebb94f561c7f7e6d0,696026789a7878e227a95f61a5213791a6e5b085a795ad8484468e1606f4d8d4,1385,1392
changed,tests/test_production.py,d4f6b3bfc62ac5175bacc4357c74c60e1ca8bbc6bc1c7092912e3007768c63e4,f3575e49c46f49d61705e658d4ba3ae1803607a2f5fcb96f02113c3995a0f58d,25218,25258
changed,tests/test_project.py,db3f4c34e32a704a11739166ebb238e8eafefb25a86bacea69529418929de878,7a595f937faa13d9cc1de37a6330a3c628844aaca3d36226cbc7053d01b1e535,1777,1784
changed,tests/test_release_contract.py,58a52322e34305d498e874035017b6b4b5190e0b66c7eb93cb428113409a953a,fb2e5b6b07d5a5e5cfa750ffbe766a6980e529c9e5677b71015b73e05cb1ab83,10242,10231
changed,tests/test_test_bundle.py,0a4438720e3b88d741ab30a69a57104e3a3e41de0ef903c0f4f376dcbd538ed5,4738855a4526434737a72f1613f995bcb3632d8fbd90d7b6bd02d6c495bfa0cd,4205,4250
added,NOTICE,,3715a8ac92056a940806c5d5004b1d0ee5047c74cef175a4d2067b62a02aa300,,146
added,project-audit/review-remediation-2026-07-10/AUDIT_ARTIFACT_MANIFEST.sha256,,sealed by final repository or audit manifest,,sealed by final repository or audit manifest
added,project-audit/review-remediation-2026-07-10/CHANGED_FILES.csv,,sealed by final repository or audit manifest,,sealed by final repository or audit manifest
added,project-audit/review-remediation-2026-07-10/CHANGELOG.md,,c2ed60668539797b6997715153cbdb3b9047a16aa51d74b182ad888d6b7b723a,,1218
added,project-audit/review-remediation-2026-07-10/FINDING_CLOSURE.json,,be658f9aca49f8cff755d6559b3cc7c1f7d02079a34f80f1ed0bcb89cdf3a9b0,,9315
added,project-audit/review-remediation-2026-07-10/FINDING_CLOSURE.md,,989d89daa53b51add4cd9df1a0fbc5d74874da66e04a0d959224fb0ced376ccf,,7712
added,project-audit/review-remediation-2026-07-10/README.md,,34e1bcbebb809da8a41e24d9dca1144b2e22e073e05a19aead3f101102b70304,,540
added,project-audit/review-remediation-2026-07-10/TEST_AND_GATE_REPORT.json,,c3c4b540f6e426189ac986465914b173883e161a9e58dba35c7c57117fa74e2e,,886
added,project-audit/review-remediation-2026-07-10/TEST_AND_GATE_REPORT.md,,677f13c5ca1232adbee83d2b1d40b2f1427dfa2c88ab2af7c74682c4f4cd10aa,,1199
added,scripts/generate_command_reference.py,,a58bb9541807921d6d661754e029a73895109a1c9f1108dee5440ea3360c6d2e,,13223
added,scripts/verify_self_test_sync.py,,c36175e0508e283cdffc70a70409ba4e825095b497dad3a1e1a8c83e72568024,,4337
added,test-suite/NOTICE,,361bc86cf6cd6a14d7481d6dc8317d69183cba96c52670d2d41faa644ec82762,,149
added,tests/test_review_remediation.py,,930a080a619f8900137b9ba944ede891993c188dbb9a4e0aecfb1288c87ca1ad,,8341
removed,src/x86decomp/__pycache__/__init__.cpython-313.pyc,bc9a224d5e3f186d3ec95b8b1915cb4bf68ecf464aa80294fa464dac8b460c39,,683,
removed,src/x86decomp/__pycache__/abi.cpython-313.pyc,dbe222e16ae3119b3ba28878eb4b7002e917b2375db45a95002bd6728144e01a,,12225,
removed,src/x86decomp/__pycache__/analysis_db.cpython-313.pyc,c1e0295c819684c94e47abd22c7bb439fe131f6f99a547231e003f8594ab5544,,16209,
removed,src/x86decomp/__pycache__/angr_backend.cpython-313.pyc,123f339fb787dc9aac7d8416b7ae6ad49ecebc743ab0b917fa2b30697fbb167c,,31705,
removed,src/x86decomp/__pycache__/artifacts.cpython-313.pyc,97c03735a31337150a412a85d381f5dc791a2b5ed8245beb6acc2dcef2af3a58,,6842,
removed,src/x86decomp/__pycache__/benchmarks.cpython-313.pyc,bf2ef432fa82a4678dec633c19034c4e37456fad03a755d1876db956c9707bb6,,8667,
removed,src/x86decomp/__pycache__/binary_reader.cpython-313.pyc,714cc0edb84d2f30dda3420e3af099699472c16b9d0f9e4c2f0c87be27d9ef77,,5168,
removed,src/x86decomp/__pycache__/canonical.cpython-313.pyc,5e21efd6b955eb1e7e1976d0d2178654b4ba16dca13896a4ac71f4ad55bbe781,,13462,
removed,src/x86decomp/__pycache__/cli.cpython-313.pyc,e1b6334008894858c6c2af9bfe7aedb2119c6095a816e8bc2d2725c37166a374,,87673,
removed,src/x86decomp/__pycache__/cli_utils.cpython-313.pyc,19d2bd675e9f4776244c73017751839b0fde78c08a8ecbba14fb97cf434b7992,,4658,
removed,src/x86decomp/__pycache__/coff.cpython-313.pyc,c4dddc828b049b786efdba684e59603e0eb4a40fb16b3cc1da6d134d1458c588,,61324,
removed,src/x86decomp/__pycache__/coff_archive.cpython-313.pyc,ca5ca91a632bcd1740f4f2bbc8a10c8c49d5f37fef8d449bd3d9af0fa01355bf,,19390,
removed,src/x86decomp/__pycache__/compiler.cpython-313.pyc,a2a63ff99dc43e72fa51a698b56fd5cc7b16ce4baa741d9ffdae2c68747b60e1,,12967,
removed,src/x86decomp/__pycache__/compiler_lab.cpython-313.pyc,dd389748713afdc9deb2bba2038e7bf4688bcb3b5a92e5b7f82bc7a171d20bfd,,7265,
removed,src/x86decomp/__pycache__/compiler_worker.cpython-313.pyc,d3dd7d6693299bd06f9b24f1b0e99c42502f6414779216ee5911c36a5c9b2123,,6107,
removed,src/x86decomp/__pycache__/content_store.cpython-313.pyc,fb6bfce8c3a933ebc828e49df5b3b159abf510c3b6c53ac9536d162ed7f26ed8,,20783,
removed,src/x86decomp/__pycache__/contracts.cpython-313.pyc,beb2cbe14f6c9a75d3beec6014f6384e1f6c1b5cb7a0684ef38d900f8917992a,,10141,
removed,src/x86decomp/__pycache__/convergence.cpython-313.pyc,71b29544a3c140f602c65ab371eec530b45240b491f9104ace0f9d66f7950605,,8229,
removed,src/x86decomp/__pycache__/cpp_recovery.cpython-313.pyc,764e0fa949309761b7e6f4c45a22ad18a9494b1a7d2739d5e90e848a97e28b8a,,9531,
removed,src/x86decomp/__pycache__/decompme.cpython-313.pyc,53fe10cb1b6cee4b8e42667a997fbd2b57b1e4282a6b60292385d8603762e768,,4900,
removed,src/x86decomp/__pycache__/diffing.cpython-313.pyc,650cb7357103326812bac9e79de6ecff70efae8d4f2bd8ab989aaa713449c6d8,,3588,
removed,src/x86decomp/__pycache__/disassembly.cpython-313.pyc,64844c70a891d6f970b77a6c68a53c12a3ea6699b1ebe2f98cd1c8f60d525cd9,,14407,
removed,src/x86decomp/__pycache__/dynamic.cpython-313.pyc,e824bf03bae7dcb0f0cc5311695037f2402d54d9e2796f37448736a86450ea15,,24792,
removed,src/x86decomp/__pycache__/dynamorio.cpython-313.pyc,9a2266fcac1c62d056d75d21a4d7f383338d2a1dd08191fe5ced96b07776b688,,10342,
removed,src/x86decomp/__pycache__/errors.cpython-313.pyc,20c7cb5f72d49007c59e99771aa97a18049aa41f51f68edc672e4cbc71015659,,1724,
removed,src/x86decomp/__pycache__/evidence.cpython-313.pyc,da92a5d5ed0b03be900f1e129bec8ece55ad4252fc3cbbc9ecaab914d7586289,,14956,
removed,src/x86decomp/__pycache__/exe_diff.cpython-313.pyc,7dc72b3303988fe08e312d69027512fd3447aef87b6e650e44ce95a999939e90,,9589,
removed,src/x86decomp/__pycache__/ghidra.cpython-313.pyc,9d1f45088d7ce356cfe07c979dd0ef1136c39ce86046303f04fe3d888fbc4599,,4779,
removed,src/x86decomp/__pycache__/ground_truth.cpython-313.pyc,223f20febb8411641212e8ef6f941bd7ad8e7b98e5d690300ade2409344972fd,,21594,
removed,src/x86decomp/__pycache__/harness_generator.cpython-313.pyc,b77075d21a1fdd7e21d4f0a151cd250bd41777722e5bb34ab305ef4c47ef3af6,,8269,
removed,src/x86decomp/__pycache__/hybrid.cpython-313.pyc,ab84aa350f1926ea80d39f2d16a7ea0253c17ec131ea2e52b47b787e68757823,,10845,
removed,src/x86decomp/__pycache__/image_match.cpython-313.pyc,b00fb5a7deaf71eeeec787797977252e7ad6d2bb6f95c79c11abd622da93846c,,20514,
removed,src/x86decomp/__pycache__/integration.cpython-313.pyc,5c41fb1d34f65085b81c6e2b44db8650dd88c01fa88caf1f1c39333f88a92b30,,21589,
removed,src/x86decomp/__pycache__/linker_layout.cpython-313.pyc,7e6d96c1b7943c1a1cc5a48be3b921f854798501523ba0faee0e458587e15891,,17999,
removed,src/x86decomp/__pycache__/linker_reconstruction.cpython-313.pyc,fe6957d1b1d5e7ee5839272614e1229410e70d10e762882317d29a8a2ab1e905,,8581,
removed,src/x86decomp/__pycache__/mcp.cpython-313.pyc,b612d5342577332ec338462ac21681bf8d964efc9ea7644ca47fb23f44e1f548,,24647,
removed,src/x86decomp/__pycache__/memory.cpython-313.pyc,ccc5abfcaa81f25b03707dae68258e830bdde311428c41cdfb3fe2d979affd97,,8608,
removed,src/x86decomp/__pycache__/models.cpython-313.pyc,c466328049a639437eb27eb224002f434ea8d33a2cc7327f42d86715b1fe66ac,,4862,
removed,src/x86decomp/__pycache__/msvc_metadata.cpython-313.pyc,8015bc8572155f198b864c12340ebffdcf468e87401d25c8914d64eeb126ca1b,,51292,
removed,src/x86decomp/__pycache__/objdiff_adapter.cpython-313.pyc,42022130ef10a68cbef750917e2d3cebc27620501df28a6587012eb06a69b56a,,10644,
removed,src/x86decomp/__pycache__/orchestrator.cpython-313.pyc,09fc7960d3d5714f4bc265a9fc970d05fd311c0a341795429dfdc68f9e290f45,,53137,
removed,src/x86decomp/__pycache__/patching.cpython-313.pyc,76298c76af21cb16a74aa44f2544b93df5c521ed59a76e3e3bebac0a9b0c9435,,5108,
removed,src/x86decomp/__pycache__/pdb.cpython-313.pyc,917d94f34e8fc5e05534550dbbea30b4f1188d6dc846e548f5af790f5fe99597,,28627,
removed,src/x86decomp/__pycache__/pe.cpython-313.pyc,630e503d3684a80c9c00e870af0600bc0d1e8bdf7cab934671760be059bc4511,,27465,
removed,src/x86decomp/__pycache__/pe32.cpython-313.pyc,9df54c12454c3fc6e8dcc628281f8a5ede186b79528bdbfadada11846eebdb19,,50594,
removed,src/x86decomp/__pycache__/project.cpython-313.pyc,6037872c7d7c8cf81915402d4557a500281a6a3525ff7fa27de06fb04e5d39a7,,10948,
removed,src/x86decomp/__pycache__/project_state.cpython-313.pyc,e5314f87e63026c692eaa447f6b56f596d5dbb5381f544aaa1765311fe54bc52,,31533,
removed,src/x86decomp/__pycache__/project_template.cpython-313.pyc,7ac30f867021452eee853aff82fd365b91de0a9f35cb35da4acf93a008ca5d1e,,9840,
removed,src/x86decomp/__pycache__/release_gate.cpython-313.pyc,139d552c17579903739135299642794a4fc960dbef64f9cae7762bba6ed1ba4b,,10119,
removed,src/x86decomp/__pycache__/relink.cpython-313.pyc,dd1cf53000bd71e1e345640a0ebcb8bd6eaa983de0be4b3380b2123a87e0b66d,,8743,
removed,src/x86decomp/__pycache__/reproducibility.cpython-313.pyc,9269a4c3e0c6077505e65f3c1b3a560108be2ca4fcf0e6a5aed59cc15a58ec73,,8987,
removed,src/x86decomp/__pycache__/security_audit.cpython-313.pyc,d8af81a82c398bec170b129443dde596733b77a1a020ff14a20ebab975fb6e18,,13080,
removed,src/x86decomp/__pycache__/service.cpython-313.pyc,3e8b1b8f95f4680b6ac2df1938ba9fbf791625c565b7ab88d7b9f91003108747,,14576,
removed,src/x86decomp/__pycache__/store_utils.cpython-313.pyc,6382be51040c120fe45323d66357a9a642084a3813929b3f5cbd61bede75e8d7,,1181,
removed,src/x86decomp/__pycache__/symbolic.cpython-313.pyc,45cf469cba77c1f3985d2e11ced7935615469e8d74370c09272783db5afcc8ce,,53754,
removed,src/x86decomp/__pycache__/synthetic_corpus.cpython-313.pyc,3c13ad4f1f0537fc880f46f5e61768c1e48dd7e4cbb995b0605c0de8b0fcffe1,,18877,
removed,src/x86decomp/__pycache__/target_pack.cpython-313.pyc,50afd62f37582a54dcd2a042433af658fb789ecb0ef2165f16c98f47a23c058c,,24703,
removed,src/x86decomp/__pycache__/test_bundle.cpython-313.pyc,cf7e6e0b821dbe29de1fa04d5625656e8c1a4db459f7f1390863efb333256ba6,,23563,
removed,src/x86decomp/__pycache__/toolchains.cpython-313.pyc,44323448cd37db7ba2da7e4fe5857cf4b8a3799ac05b9de49bed94babd10b8ab,,3412,
removed,src/x86decomp/__pycache__/tools.cpython-313.pyc,894955b1aab8dea221ae3814484935b318ec471e5bc540ca47426f165be170ab,,5174,
removed,src/x86decomp/__pycache__/util.cpython-313.pyc,a8dfb2e2dd5b623f1b0eb11a29e3aba51ad87cc29f807976694d4fc6f0bbe94c,,5810,
removed,src/x86decomp/__pycache__/work_queue.cpython-313.pyc,b1f8568a6b4b540cd16b18934eaace5c08aa7b4859cbdcc1c0789fe46f9a4c93,,9038,
removed,src/x86decomp/__pycache__/worker.cpython-313.pyc,c1fbcfa3b60f18196bfdc56100a5ad4aa82b8db6814ae5ebdc1ea993ebe6a8d7,,18773,
removed,src/x86decomp/__pycache__/workflow.cpython-313.pyc,7dbfae228f3b62e0b7a9a7130f420fbc891d3fbd9c9aca308c8cdbb4887466d3,,13273,
removed,src/x86decomp/assembly/__pycache__/__init__.cpython-313.pyc,845ada85763c06141d8095fd8be2768c6851a8082497da237a861260fb58e5fa,,622,
removed,src/x86decomp/assembly/__pycache__/annotation.cpython-313.pyc,2982985b9c6876702590fede22c2b9773096110c90ec5620d9650b3469901089,,6894,
removed,src/x86decomp/assembly/__pycache__/cli.cpython-313.pyc,247590e15b3e6b1de2db0c14533519fa8fcc379a3ae1caf003b9b8350b12601a,,14417,
removed,src/x86decomp/assembly/__pycache__/materialize.cpython-313.pyc,d6e452fb50e0e1f58da72fccd77a5bb87297579f40eba51375221d2cc9d7b605,,28095,
removed,src/x86decomp/assembly/__pycache__/pipeline.cpython-313.pyc,a270033d865ef08140032f3f8e8c5833bfc435f169c98624d7f9bc6137c84d69,,17817,
removed,src/x86decomp/assembly/__pycache__/relocations.cpython-313.pyc,a150fa35d223912d274f2f3ac772d355204a558348b8ef1d6d102590c58f1550,,16130,
removed,src/x86decomp/assembly/__pycache__/store.cpython-313.pyc,22aee014ed445b90f1c5bbcd8c2b600ac5dfac21f2550d5c82b6fcbf0779ee22,,5843,
removed,src/x86decomp/governance/__pycache__/__init__.cpython-313.pyc,674fd107cf8d44545a1537bd3b36b239cd6690f12ac75c5c9978b41a8c77fe60,,350,
removed,src/x86decomp/governance/__pycache__/campaigns.cpython-313.pyc,533d10163b8dda2ee239b9f1277c81c9d69c7c2e5c1f94806c87190d90cc50d0,,22681,
removed,src/x86decomp/governance/__pycache__/candidates.cpython-313.pyc,74aaaf81eec82a906b3637d1e307850649a34dca243d1c8573a66fe33aba1b7e,,18562,
removed,src/x86decomp/governance/__pycache__/changesets.cpython-313.pyc,b73d2958d1e83aa1685e695778292d23ae4f5eddcec0e1a0018d41a05c7cb118,,8984,
removed,src/x86decomp/governance/__pycache__/cli.cpython-313.pyc,f54baa4e08aef031ce243f4f28360aa1761bf3f3cef5f2a84fb19b474165d37b,,32303,
removed,src/x86decomp/governance/__pycache__/consensus.cpython-313.pyc,db25e93b40f30965aee71f4403c684aefd1120820d7224e85d632edf087d50bb,,10184,
removed,src/x86decomp/governance/__pycache__/counterexamples.cpython-313.pyc,d9b464c5f35a99e559578974da173cbe839a437d2f36fa724227c41d2f190931,,10889,
removed,src/x86decomp/governance/__pycache__/family.cpython-313.pyc,024fa9ddd4ec99dc0fce1d3bd3239415933a0ef8ecc54ecdfdc94d4856d1fd0b,,11622,
removed,src/x86decomp/governance/__pycache__/hypotheses.cpython-313.pyc,b811662f0aa5b2ef902456310e3475a11156baca8329ae621a819aeeec8a0848,,22139,
removed,src/x86decomp/governance/__pycache__/knowledge_graph.cpython-313.pyc,d95e364eb139cfc9a1f3d8c1f6509762f8402c37f8c630c16577e9c41de8e2c9,,8066,
removed,src/x86decomp/governance/__pycache__/plugins.cpython-313.pyc,ee449d22a837b8ee925bd809a9ee7fb0cb33388e361f700bab7b6cb9eac776a2,,11294,
removed,src/x86decomp/governance/__pycache__/proofs.cpython-313.pyc,eaaaa1d64aa2dd2a873f3f96666cbc251f5359b865537cf1719b7c2a38a0a4c9,,16735,
removed,src/x86decomp/governance/__pycache__/reviews.cpython-313.pyc,e39e1830d98df3865de6150f371eaedf0fd431294c02fcede559823a2c97260e,,9205,
removed,src/x86decomp/governance/__pycache__/store.cpython-313.pyc,5f7e85b5c03eb162b2c83e6698fb6ea4feb9ceae6f30507c51c2cd179a213544,,19112,
removed,src/x86decomp/governance/__pycache__/workers.cpython-313.pyc,05a2895e26ae869a85c9727fa55fcdd17935cdaf8ff97de3ae9de617c4aee2dd,,7877,
removed,src/x86decomp/local_llm/__pycache__/__init__.cpython-313.pyc,8a463d874e14127d76d05e66162103f73f3bc0e99a6ec143cd1b77f8b66b3843,,748,
removed,src/x86decomp/local_llm/__pycache__/matching.cpython-313.pyc,f6327462a9e63f128130615a9c6d458164408d506ed8028e04791bf52fb1da38,,21062,
removed,src/x86decomp/local_llm/__pycache__/profiles.cpython-313.pyc,d16bd074ca3ad4d72ea220ea82f09f11fe9ee582f5766ad5af2282aab4e05434,,12521,
removed,src/x86decomp/local_llm/__pycache__/prompts.cpython-313.pyc,9a1e28d581576413e46844f1d74c4a88fa6cb68035e6899097f071942144e2c4,,11290,
removed,src/x86decomp/local_llm/__pycache__/transport.cpython-313.pyc,091cde620db1423ffa84dca6456e8a1fb798187fc897b522837e4c7118ac7ef2,,17494,
removed,src/x86decomp/native/__pycache__/__init__.cpython-313.pyc,cba7d1b5053782f632df75d9eff9a75543e1bbc92cb140e5250150dc26cea931,,396,
removed,src/x86decomp/native/__pycache__/cli.cpython-313.pyc,6472372b89bbdc0f8cfece4562dc74a304d8f12d9b9d698d302960586c2b9c8b,,18921,
removed,src/x86decomp/native/__pycache__/closed_loop.cpython-313.pyc,f627e27431b2e5141a7a3684da0c9ec77a0da114712e5e01a26931ba7a448125,,6054,
removed,src/x86decomp/native/__pycache__/hybrid_composer.cpython-313.pyc,04a4f41ac0d2a3af13d44b3a057809dfbafadd4bf10d341b0636f23df69228ec,,7106,
removed,src/x86decomp/native/__pycache__/matching.cpython-313.pyc,9ca81a86d92fd38e742734e84bb48192fef9a23a66cd5b1ac748b8c927fe9373,,12649,
removed,src/x86decomp/native/__pycache__/pe_reconstruction.cpython-313.pyc,7258b73bef79cb826750c8ebb145a398dcb0f806e50d9cb006f62ade9c8306c0,,16561,
removed,src/x86decomp/native/__pycache__/runtime.cpython-313.pyc,2e891ad1365b5dbe242a61e085e459db990593cb7174e120a440007788e971ed,,10363,
removed,src/x86decomp/native/__pycache__/slots.cpython-313.pyc,ca9cd226b7e3996efa1cac60fce613ea72733480f30cae898ce3fab6783d9d8a,,12167,
removed,src/x86decomp/native/__pycache__/staging.cpython-313.pyc,c88531b3e07b161cd5a503da96057ecac416fe5d0912129181ccfe2f7c923ead,,8538,
removed,src/x86decomp/native/__pycache__/store.cpython-313.pyc,71291d50aa75ba22464529d6b519db3915c37198fc84d54f408c557438f850ee,,7717,
removed,src/x86decomp/native/__pycache__/windows_tools.cpython-313.pyc,f123a068b5bc0abccb7234db8aa2a5b624fc6c64d74b0080e95f7491c432464d,,7551,
removed,src/x86decomp/reconstruction/__pycache__/__init__.cpython-313.pyc,b3d52f04d036165576ddbbc80fc48fae6c7fd04fde1c6efa68d67d8112c72158,,418,
removed,src/x86decomp/reconstruction/__pycache__/abi_contracts.cpython-313.pyc,b3a867b3ac8c02b6fee3c4c746f853653c12cb40ab6dab0fc01897f9f03eea8c,,9152,
removed,src/x86decomp/reconstruction/__pycache__/acceleration.cpython-313.pyc,4a6b4cee720dab48697457cd4c67833ad82f030cd7aca8127cdcd63d27fe3477,,122358,
removed,src/x86decomp/reconstruction/__pycache__/builds.cpython-313.pyc,b6920a4fadf09e2cd0385b286243a9c22e6cc17a61b00a7f34a7fad9dfab0bd0,,19882,
removed,src/x86decomp/reconstruction/__pycache__/capsules.cpython-313.pyc,1a4419e528ce6f8c911035dfd700a4a645ed2b8b35e74da448b4b2f2547fb850,,8933,
removed,src/x86decomp/reconstruction/__pycache__/cli.cpython-313.pyc,c4f790133d6c7f81334510b949b37007bd59c2ca47b6b96a619e21b49f1f3eac,,79577,
removed,src/x86decomp/reconstruction/__pycache__/generated_tests.cpython-313.pyc,1136038265cc9eba3d0af5baf021888740dab88f081480c9c65efe5f7ee14572,,10332,
removed,src/x86decomp/reconstruction/__pycache__/headers.cpython-313.pyc,0059708af1de87386ad7d1bbbf677bc859d477e7c5bd54b048473f8faef21858,,14403,
removed,src/x86decomp/reconstruction/__pycache__/libraries.cpython-313.pyc,85bd27f31252f3ab952b6f7613b826cb69fd1349a0558f4df8309ed8fc6e757d,,5304,
removed,src/x86decomp/reconstruction/__pycache__/project_layout.cpython-313.pyc,ddaee68c2fedacf00bc6cd2758e515befba20078fac0f595c6087994b3d7da69,,14242,
removed,src/x86decomp/reconstruction/__pycache__/provenance.cpython-313.pyc,4c8159a11e2268b67d3aad647ea988b23737b974b8e06ee8aabcd03ebc31ed46,,15797,
removed,src/x86decomp/reconstruction/__pycache__/security.cpython-313.pyc,e7ffb6695e2afbb8bd44dc2de7148ddd4250ff36108577f61be407130355916a,,8621,
removed,src/x86decomp/reconstruction/__pycache__/semantic_changesets.cpython-313.pyc,cee6f485e338587aab74355fb5e383aca44fa207289b3052c17e2141237e442e,,9643,
removed,src/x86decomp/reconstruction/__pycache__/store.cpython-313.pyc,ed7062fe374ce1250fcca1687664a9919a17f00f1818d61263688c3d0feec0be,,12200,
